"center","analysis","version","n00","n01","n10","n11","n","discordance_count","discordance","upward","downward","net_change","original_positive_rate","transformed_positive_rate","discordance_lower","discordance_upper","upward_lower","upward_upper","downward_lower","downward_upper","net_change_lower","net_change_upper","original_positive_rate_lower","original_positive_rate_upper","transformed_positive_rate_lower","transformed_positive_rate_upper"
"mover","main","tail_plus_bins",3586,58,123,554,4321,181,0.0418884517472807,0.0134228187919463,0.0284656329553344,-0.0150428141633881,0.156676695209442,0.141633881046054,0.0307799120573941,0.0469798657718121,0.00347141865308956,0.0164313816246239,0.0210599398287433,0.0342513307104837,-0.0293913445961583,-0.00786854894700301,0.146031011339968,0.167322379078917,0.124508215690812,0.152510992825735
"mover","parallel7","tail_plus_bins",3931,9,84,409,4433,93,0.020979020979021,0.00203022783667945,0.0189487931423415,-0.0169185653056621,0.111211369275885,0.0942928039702233,0.013986013986014,0.0311301601624182,0.000902323482968644,0.0148883374689826,0.00992555831265509,0.0227836679449583,-0.0205278592375367,0.00157906609519513,0.101962553575457,0.120685765847056,0.0875253778479585,0.11482066320776
"mover","S1_no_diagnosis","tail_plus_bins",3604,51,130,572,4357,181,0.0415423456506771,0.0117053018131742,0.0298370438375029,-0.0181317420243287,0.161120036722515,0.142988294698187,0.0330502639430801,0.0472802386963507,0.00550837732384668,0.0179022263025017,0.0224925407390406,0.0351159054395226,-0.0280009180628873,-0.0071149873766353,0.150103282074822,0.172136791370209,0.130135414275878,0.158136332338765
"mover","S2_target_after5min","tail_plus_bins",3584,58,122,554,4318,180,0.0416859657248726,0.0134321445113478,0.0282538212135248,-0.0148216767021769,0.156553960166744,0.141732283464567,0.0308012968967114,0.0465493283927744,0.00347383047707272,0.0164427975914775,0.0210745715609078,0.0340435386753126,-0.0289485873089393,-0.0078740157480315,0.145437702640111,0.167670217693377,0.124594719777675,0.1528485409912
"mover","S3_exclude_extremes","tail_plus_bins",3586,58,123,554,4321,181,0.0418884517472807,0.0134228187919463,0.0284656329553344,-0.0150428141633881,0.156676695209442,0.141633881046054,0.0310113399676001,0.0467484378616061,0.00323999074288359,0.0168942374450359,0.0210599398287433,0.0342513307104837,-0.0293913445961583,-0.00786854894700301,0.145799583429762,0.167553806989123,0.124508215690812,0.152510992825735
"mover","S4_exclude_over24h","tail_plus_bins",3586,58,123,554,4321,181,0.0418884517472807,0.0134228187919463,0.0284656329553344,-0.0150428141633881,0.156676695209442,0.141633881046054,0.0305484841471882,0.0465170099514001,0.00347141865308956,0.0168942374450359,0.0205970840083314,0.0342513307104837,-0.0291599166859523,-0.00740569312659107,0.14533672760935,0.168016662809535,0.124508215690812,0.152510992825735
"mover","S5_exclude_conflicts","tail_plus_bins",3592,52,118,547,4309,170,0.0394523091204456,0.0120677651427245,0.027384543977721,-0.0153167788349965,0.154328150382919,0.139011371547923,0.0304014852634022,0.0471106985379438,0.00348108609886285,0.0169412856811325,0.0197261545602228,0.0348108609886284,-0.0301694128568113,-0.00649802738454398,0.143884892086331,0.16523555349269,0.12207008586679,0.151311209097238
"mover","S6_all_postop_E48","tail_plus_bins",3368,51,121,539,4079,172,0.0421671978426085,0.0125030644765874,0.0296641333660211,-0.0171610688894337,0.16180436381466,0.144643294925227,0.0316253983819564,0.0475606766364305,0.00367737190487865,0.0169159107624418,0.02181907330228,0.035302770286835,-0.0291738171120373,-0.00784506006374111,0.150281931846041,0.173081637656288,0.130178965432704,0.157391517528806
"vitaldb","main","tail_plus_bins",1786,28,45,200,2059,73,0.0354541039339485,0.0135988343856241,0.0218552695483244,-0.00825643516270034,0.118989800874211,0.11073336571151,0.0291403593977659,0.0505099562894609,0.00728508984944148,0.0237979601748422,0.0169985429820301,0.0320543953375425,-0.021369596891695,0.00242836328314716,0.104905293831957,0.133074307916464,0.0942204953861098,0.124332200097135
"vitaldb","parallel7","tail_plus_bins",2314,19,50,157,2540,69,0.0271653543307087,0.00748031496062992,0.0196850393700787,-0.0122047244094488,0.081496062992126,0.0692913385826772,0.021259842519685,0.0350393700787402,0.00275590551181102,0.0122047244094488,0.0145669291338583,0.0271653543307087,-0.0220472440944882,-0.0047244094488189,0.071259842519685,0.0925196850393701,0.0566929133858268,0.0803149606299213
"vitaldb","S1_no_diagnosis","tail_plus_bins",1792,22,51,198,2063,73,0.0353853611245759,0.0106640814348037,0.0247212796897722,-0.0140571982549685,0.120698012603005,0.106640814348037,0.0305380513814833,0.0528356761997092,0.00678623364032962,0.0237518177411537,0.0189045079980611,0.0349006301502666,-0.0237518177411537,0,0.106640814348037,0.134755210857974,0.0935530780416869,0.12409112942317
"vitaldb","S2_target_after5min","tail_plus_bins",1776,28,45,200,2049,73,0.0356271351878965,0.0136652025378233,0.0219619326500732,-0.00829673011224988,0.119570522205954,0.111273792093704,0.0292825768667643,0.0512445095168375,0.00732064421669107,0.0239141044411908,0.0175695461200586,0.0326988775012201,-0.0214738897022938,0.00195217179111762,0.105905319668131,0.133723767691557,0.0951683748169839,0.124938994631528
"vitaldb","S3_exclude_extremes","tail_plus_bins",1786,28,46,198,2058,74,0.0359572400388727,0.0136054421768707,0.0223517978620019,-0.0087463556851312,0.118561710398445,0.109815354713314,0.0291545189504373,0.0505344995140913,0.00728862973760933,0.0238095238095238,0.0174927113702624,0.032555879494655,-0.0208940719144801,0.00242954324586978,0.1044703595724,0.133138969873664,0.0947521865889213,0.123906705539359
"vitaldb","S4_exclude_over24h","tail_plus_bins",1785,28,45,200,2058,73,0.0354713313896987,0.0136054421768707,0.021865889212828,-0.00826044703595724,0.119047619047619,0.110787172011662,0.0291545189504373,0.0515063168124393,0.00728862973760933,0.0242954324586978,0.0170068027210884,0.032555879494655,-0.0208940719144801,0.00291545189504373,0.104956268221574,0.133138969873664,0.0947521865889213,0.124878522837707
"vitaldb","S5_exclude_conflicts","tail_plus_bins",1786,28,45,200,2059,73,0.0354541039339485,0.0135988343856241,0.0218552695483244,-0.00825643516270034,0.118989800874211,0.11073336571151,0.0286546867411365,0.0505099562894609,0.00679941719281204,0.0237979601748422,0.0169985429820301,0.0320543953375425,-0.0208839242350656,0.00194269062651773,0.105390966488587,0.133074307916464,0.0951918406993686,0.124817872753764
"vitaldb","S6_all_postop_E48","tail_plus_bins",990,10,21,103,1124,31,0.0275800711743772,0.00889679715302491,0.0186832740213523,-0.0097864768683274,0.110320284697509,0.100533807829181,0.0204626334519573,0.047153024911032,0.00711743772241993,0.0284697508896797,0.00889679715302491,0.0258007117437722,-0.0142348754448399,0.0160142348754448,0.0925266903914591,0.129003558718861,0.0898576512455516,0.133451957295374
